  CREATE TABLE STUDENTS (
    s_id NUMBER(10) CONSTRAINT s_pk PRIMARY KEY,
    s_pwd VARCHAR(20),
    s_name VARCHAR(10),
    s_major VARCHAR(20),
    s_addr VARCHAR(30),
    s_email VARCHAR(50)
 );
 
 CREATE TABLE PROFESSOR (
    p_id NUMBER(10) CONSTRAINT p_pk PRIMARY KEY,
    p_pwd VARCHAR(20),
    p_name VARCHAR(10),
    p_major VARCHAR(20),
    p_email VARCHAR(50)
 );
 
 CREATE TABLE COURSE (
    c_id VARCHAR(4),
    c_id_no NUMBER(2),
    c_unit NUMBER(1),
    c_name VARCHAR(30),
    CONSTRAINT c_pk PRIMARY KEY(c_id, c_id_no) 
 );
 
CREATE TABLE teach (
    c_id VARCHAR(4),
    c_id_no NUMBER(2) ,
    p_id NUMBER(10),
    t_year NUMBER(4),
    t_semester VARCHAR(1),
    t_time NUMBER(2),--월/수, 화,목, 금 교시
    t_day NUMBER(1), --1 : 월/수, 2: 화/목, 3: 금
    t_max NUMBER(3),
    t_where VARCHAR(20),
    CONSTRAINT t_c_id_fk FOREIGN KEY (c_id,c_id_no) REFERENCES COURSE(c_id,c_id_no),
    CONSTRAINT t_p_id_fk FOREIGN KEY (p_id) REFERENCES PROFESSOR(p_id),
    CONSTRAINT t_pk PRIMARY KEY(p_id, t_time, t_year, t_semester)
 );
 
 CREATE TABLE ENROLL (
    s_id NUMBER(10) ,
    c_id VARCHAR(4),
    c_id_no NUMBER(2),
    e_year NUMBER(4),
    e_semester NUMBER(1),
    CONSTRAINT e_s_id_pk FOREIGN KEY (s_id) REFERENCES STUDENTS(s_id),
    CONSTRAINT e_c_id_pk FOREIGN KEY (c_id,c_id_no) REFERENCES COURSE(c_id,c_id_no),
    CONSTRAINT e_pk PRIMARY KEY(e_year, e_semester, s_id, c_id)
 );

INSERT INTO STUDENTS VALUES(1410845,'안지후');
INSERT INTO STUDENTS VALUES(1411893,'이다영');
INSERT INTO STUDENTS VALUES(1413511,'이가연');
INSERT INTO STUDENTS VALUES(1410463,'이지완');
INSERT INTO STUDENTS VALUES(1510533,'김효민');
INSERT INTO STUDENTS VALUES(1616412,'이혜진');
INSERT INTO STUDENTS VALUES(1515678,'유해진');
INSERT INTO STUDENTS VALUES(1614401,'강동원');

update STUDENTS
set s_pwd='0000';


INSERT INTO PROFESSOR VALUES(20170101,'심준호');
INSERT INTO PROFESSOR VALUES(20170102,'이기용');
INSERT INTO PROFESSOR VALUES(20170103,'문봉희');
INSERT INTO PROFESSOR VALUES(20170104,'김윤희');
INSERT INTO PROFESSOR VALUES(20170105,'유석종');
INSERT INTO PROFESSOR VALUES(20170106,'이광수');
INSERT INTO PROFESSOR VALUES(20170107,'이주은');
INSERT INTO PROFESSOR VALUES(20170108,'홍광호');
INSERT INTO PROFESSOR VALUES(20170109,'김주균');
INSERT INTO PROFESSOR VALUES(20170110,'이은자');
INSERT INTO PROFESSOR VALUES(20170111,'이행복');
INSERT INTO PROFESSOR VALUES(20170112,'박정은');


INSERT INTO COURSE VALUES('C800',01,3,'수치해석');
INSERT INTO COURSE VALUES('C800',02,3,'수치해석');
INSERT INTO COURSE VALUES('P101',01,3,'운영체제');
INSERT INTO COURSE VALUES('B456',01,3,'프로그래밍언어론');
INSERT INTO COURSE VALUES('A123',01,3,'컴퓨터수학');
INSERT INTO COURSE VALUES('A123',02,3,'컴퓨터수학');
INSERT INTO COURSE VALUES('Q711',01,3,'데이터베이스');
INSERT INTO COURSE VALUES('F500',01,3,'웹시스템설계');
INSERT INTO COURSE VALUES('F500',02,3,'웹시스템설계');
INSERT INTO COURSE VALUES('F500',03,3,'웹시스템설계');
INSERT INTO COURSE VALUES('E779',01,3,'소프트웨어공학');
INSERT INTO COURSE VALUES('E779',02,3,'소프트웨어공학');
INSERT INTO COURSE VALUES('U777',01,3,'컴퓨터활용');
INSERT INTO COURSE VALUES('W002',01,3,'컴퓨터과학의이해');
INSERT INTO COURSE VALUES('W002',02,3,'컴퓨터과학의이해');
INSERT INTO COURSE VALUES('Q111',01,3,'수학개론');
INSERT INTO COURSE VALUES('R453',01,3,'일본대중문화기행');
INSERT INTO COURSE VALUES('E222',01,3,'공예감상');
INSERT INTO COURSE VALUES('E222',02,3,'공예감상');
INSERT INTO COURSE VALUES('S789',01,3,'UI/UX디자인');
INSERT INTO COURSE VALUES('A555',01,3,'미적분학');
INSERT INTO COURSE VALUES('O888',01,3,'경제학개론');
INSERT INTO COURSE VALUES('O888',02,3,'경제학개론');
INSERT INTO COURSE VALUES('O888',03,3,'경제학개론');

INSERT INTO teach
VALUES ('C800',01,20170102,2017,1,4,2,60,'새힘관B101');
INSERT INTO teach
VALUES ('C800',02,20170102,2017,1,5,2,60,'새힘관B101');
INSERT INTO teach
VALUES ('P101',01,20170109,2017,1,3,2,50,'명신관413');
INSERT INTO teach
VALUES ('B456',01,20170103,2017,1,1,1,50,'명신관309');
INSERT INTO teach
VALUES ('A123',01,20170106,2017,2,1,2,30,'명신관309');
INSERT INTO teach
VALUES ('A123',02,20170105,2017,2,3,2,30,'진리관209');
INSERT INTO teach
VALUES ('Q711',01,20170101,2017,1,4,1,32,'명신관414');
INSERT INTO teach
VALUES ('F500',01,20170104,2017,1,3,2,32,'명신관408');
INSERT INTO teach
VALUES ('F500',02,20170104,2017,1,4,2,32,'명신관408');
INSERT INTO teach
VALUES ('F500',01,20170109,2017,1,4,2,32,'명신관305');
INSERT INTO teach
VALUES ('E779',01,20170102,2017,1,3,1,40,'명신관309');
INSERT INTO teach
VALUES ('E779',02,20170102,2017,1,7,2,40,'명신관309');
INSERT INTO teach
VALUES ('U777',01,20170102,2017,1,1,3,40,'명신관101');
INSERT INTO teach
VALUES ('W002',01,20170101,2017,1,6,1,55,'과학관651');
INSERT INTO teach
VALUES ('W002',02,20170102,2017,1,6,2,55,'과학관612');
INSERT INTO teach
VALUES ('Q111',01,20170111,2017,2,3,3,100,'과학관105');
INSERT INTO teach
VALUES ('R453',01,20170112,2017,1,5,2,80,'명신관425');
INSERT INTO teach
VALUES ('E222',01,20170108,2017,1,1,3,50,'미술대학207');
INSERT INTO teach
VALUES ('E222',02,20170108,2017,1,1,4,50,'미술대학B111');
INSERT INTO teach
VALUES ('O888',01,20170111,2017,1,5,1,100,'순헌관511');
INSERT INTO teach
VALUES ('O888',02,20170106,2017,1,6,1,100,'순헌관511');
INSERT INTO teach
VALUES ('O888',03,20170112,2017,1,5,3,80,'진리관304');

INSERT INTO enroll
VALUES (1410845,'E222',02,2017,1);
INSERT INTO enroll
VALUES (1411893,'E222',02,2017,1);
INSERT INTO enroll
VALUES (1413511,'E222',02,2017,1);
INSERT INTO enroll
VALUES (1410463,'E222',01,2017,1);
INSERT INTO enroll
VALUES (1614401,'E222',01,2017,1);
INSERT INTO enroll
VALUES (1614401,'U777',01,2017,1);
INSERT INTO enroll
VALUES (1614401,'W002',02,2017,1);
INSERT INTO enroll
VALUES (1410845,'W002',01,2017,1);
INSERT INTO enroll
VALUES (1410845,'P101',01,2017,1);
INSERT INTO enroll
VALUES (1410845,'O888',03,2017,1);
INSERT INTO enroll
VALUES (1410845,'U777',01,2017,1);
